Date	Time	IPaddress
2021-03-04	23:56:15	192.168.240.1
2021-03-04	23:56:35	192.168.240.1
2021-03-04	23:56:39	192.168.240.1
2021-03-04	23:56:43	192.168.240.1
2021-03-05	00:10:13	192.168.240.1
2021-03-05	00:17:58	192.168.240.1
2021-03-05	00:20:54	192.168.240.1
2021-03-05	00:23:25	192.168.240.1
2021-03-05	00:30:31	192.168.240.1
2021-03-05	00:45:55	192.168.240.1
2021-03-05	00:45:55	192.168.240.1
2021-03-05	00:45:55	192.168.240.1
2021-03-05	00:45:55	192.168.240.1
2021-03-05	00:45:55	192.168.240.1
2021-03-05	00:45:55	192.168.240.1
2021-03-05	12:56:53	192.168.240.1
2021-03-05	12:56:53	192.168.240.1
2021-03-05	12:56:53	192.168.240.1
2021-03-05	12:56:53	192.168.240.1
2021-03-05	12:56:53	192.168.240.1
2021-03-05	12:56:53	192.168.240.1
2021-03-05	13:04:15	192.168.240.1
2021-03-05	13:04:15	192.168.240.1